{"cameraMode":{"drawMode":0,"name":"Shaded","section":"Shading Mode"},"sceneLighting":true,"audioPlay":false,"sceneViewState":{"showFog":true,"showMaterialUpdate":true,"showSkybox":true,"showFlares":true,"showImageEffects":true,"showParticleSystems":true},"in2DMode":false,"pivot":{"x":10.52995777130127,"y":21.717496871948243,"z":11.100333213806153},"rotation":{"x":0.09485262632369995,"y":-0.90329509973526,"z":0.26043370366096499,"w":0.3278767168521881},"size":1.2247449159622193,"orthographic":false}