{"cameraMode":{"drawMode":0,"name":"Shaded","section":"Shading Mode"},"sceneLighting":false,"audioPlay":false,"sceneViewState":{"showFog":true,"showMaterialUpdate":false,"showSkybox":false,"showFlares":true,"showImageEffects":true,"showParticleSystems":true},"in2DMode":false,"pivot":{"x":0.0009588897228240967,"y":0.5105681419372559,"z":-0.0009341239929199219},"rotation":{"x":-0.21066859364509583,"y":-0.7827088236808777,"z":0.4675835371017456,"w":-0.3526439964771271},"size":0.9421567916870117,"orthographic":false}